Workbook
Name Slicer_Department: #N/A
Name Slicer_Grade: #N/A

Sheet DASHBOARD
A1: ATTRITION DASHBOARD | F1: =GETPIVOTDATA("[Measures].[Count of Employee Name]",'CALCULATION 0'!$A$3) -> 99 | H1: =GETPIVOTDATA("[Measures].[Count of Employee Name]",'CALCULATION 0'!$D$3) -> 17 | J1: =GETPIVOTDATA("[Measures].[Count of Employee Name]",'CALCULATION 0'!$J$4) -> 15 | L1: =GETPIVOTDATA("[Measures].[Count of Employee Name]",'CALCULATION 0'!$G$4) -> 2 | N1: ='CALCULATION 0'!B9 -> 0.13953488
F2: TOTAL EMP COUNT | H2: TOTAL EXIT | J2: VOLUNTARY EXIT | L2: INVOLUNTARY EXIT | N2: ATTRITION %

Sheet CALCULATION 1

Sheet CALCULATION 2

Sheet CALCULATION 0
A1: Status | B1: Active | D1: Status | E1: Inactive | G1: Status | H1: Inactive | J1: Status | K1: Inactive
G2: Exit Type | H2: Involuntary | J2: Exit Type | K2: Voluntary
A3: Count of Employee Name | D3: Count of Employee Name
A4: 99 | D4: 17 | G4: Count of Employee Name | J4: Count of Employee Name
G5: 2 | J5: 15
A7: HC AS ON 31 DEC-2024 | B7: 116
A8: ACTIVE COUNT | B8: =GETPIVOTDATA("[Measures].[Count of Employee Name]",$A$3) -> 99
A9: ATTRITION % | B9: =GETPIVOTDATA("[Measures].[Count of Employee Name]",$J$4)/((B7+B8)/2) -> 0.13953488
A12: Status | B12: Inactive | D12: Status | E12: Inactive | G12: Status | H12: Inactive
A13: Exit Type | B13: Voluntary | D13: Exit Type | E13: Voluntary | G13: Exit Type | H13: Voluntary
A15: Row Labels | B15: Count of Employee Name | D15: Row Labels | E15: Count of Employee Name | G15: Row Labels | H15: Count of Employee Name
A16: 1 to 3 Yrs | B16: 5 | D16: Better Opportunity | E16: 9 | G16: 2025
A17: 3 to 6 Yrs | B17: 7 | D17: Conflict with Manager/Colleagues | E17: 2 | G17: January | H17: 1
A18: 6 to 9 Yrs | B18: 3 | D18: Health Reasons | E18: 2 | G18: February | H18: 1
A19: Grand Total | B19: 15 | D19: Relocation | E19: 2 | G19: March | H19: 1
D20: Grand Total | E20: 15 | G20: April | H20: 1
G21: May | H21: 2
G22: June | H22: 3
G23: July | H23: 2
G24: September | H24: 1
G25: October | H25: 1
G26: November | H26: 1
G27: December | H27: 1
G28: Grand Total | H28: 15

Sheet Data
A1: Sr.No | B1: Employee Code | C1: Employee Name | D1: Gender | E1: Grade | F1: Department | G1: Status | H1: DOJ | I1: Exit Date | J1: Exit Type | K1: Exit Reason | L1: Manager Name | M1: Tenure | N1: Tenure Group
A2: 1 | B2: 10104 | C2: Jack McFarland | D2: M | E2: G5 | F2: Marketing | G2: =IF(ISBLANK(Exit_Data[[#This Row],[Exit Date]]),"Active","Inactive") -> Active | H2: 43905 | L2: Emily Cooper | M2: =(TODAY()-Exit_Data[[#This Row],[DOJ]])/365.25 -> 6.2970568 | N2: =_xlfn.IFS(Exit_Data[[#This Row],[Tenure]]>9,"9+ Yrs",Exit_Data[[#This Row],[Tenure]]>6,"6 to 9 Yrs",Exit_Data[[#This Row],[Tenure]]>3,"3 to 6 Yrs",Exit_Data[[#This Row],[Tenure]]>1,"1 to 3 Yrs",Exit_Data[[#This Row],[Tenure]]>0,"0 to 1 Yr") -> 6 to 9 Yrs
A3: 2 | B3: 10105 | C3: Rose Nylund | D3: F | E3: G4 | F3: Sales | G3: =IF(ISBLANK(Exit_Data[[#This Row],[Exit Date]]),"Active","Inactive") -> Active | H3: 44399 | L3: Kate Sharma | M3: =(TODAY()-Exit_Data[[#This Row],[DOJ]])/365.25 -> 4.9445585 | N3: =_xlfn.IFS(Exit_Data[[#This Row],[Tenure]]>9,"9+ Yrs",Exit_Data[[#This Row],[Tenure]]>6,"6 to 9 Yrs",Exit_Data[[#This Row],[Tenure]]>3,"3 to 6 Yrs",Exit_Data[[#This Row],[Tenure]]>1,"1 to 3 Yrs",Exit_Data[[#This Row],[Tenure]]>0,"0 to 1 Yr") -> 3 to 6 Yrs
A4: 3 | B4: 10106 | C4: Parth Josh | D4: M | E4: G5 | F4: Finance | G4: =IF(ISBLANK(Exit_Data[[#This Row],[Exit Date]]),"Active","Inactive") -> Active | H4: 44571 | L4: Anthony Bridgerton | M4: =(TODAY()-Exit_Data[[#This Row],[DOJ]])/365.25 -> 4.4736482 | N4: =_xlfn.IFS(Exit_Data[[#This Row],[Tenure]]>9,"9+ Yrs",Exit_Data[[#This Row],[Tenure]]>6,"6 to 9 Yrs",Exit_Data[[#This Row],[Tenure]]>3,"3 to 6 Yrs",Exit_Data[[#This Row],[Tenure]]>1,"1 to 3 Yrs",Exit_Data[[#This Row],[Tenure]]>0,"0 to 1 Yr") -> 3 to 6 Yrs
A5: 4 | B5: 10107 | C5: Olivia Pope | D5: F | E5: G4 | F5: IT | G5: =IF(ISBLANK(Exit_Data[[#This Row],[Exit Date]]),"Active","Inactive") -> Active | H5: 45782 | L5: Wally Clark | M5: =(TODAY()-Exit_Data[[#This Row],[DOJ]])/365.25 -> 1.1581109 | N5: =_xlfn.IFS(Exit_Data[[#This Row],[Tenure]]>9,"9+ Yrs",Exit_Data[[#This Row],[Tenure]]>6,"6 to 9 Yrs",Exit_Data[[#This Row],[Tenure]]>3,"3 to 6 Yrs",Exit_Data[[#This Row],[Tenure]]>1,"1 to 3 Yrs",Exit_Data[[#This Row],[Tenure]]>0,"0 to 1 Yr") -> 1 to 3 Yrs
A6: 5 | B6: 10108 | C6: Walter White | D6: M | E6: G5 | F6: Marketing | G6: =IF(ISBLANK(Exit_Data[[#This Row],[Exit Date]]),"Active","Inactive") -> Active | H6: 45156 | L6: Emily Cooper | M6: =(TODAY()-Exit_Data[[#This Row],[DOJ]])/365.25 -> 2.8720055 | N6: =_xlfn.IFS(Exit_Data[[#This Row],[Tenure]]>9,"9+ Yrs",Exit_Data[[#This Row],[Tenure]]>6,"6 to 9 Yrs",Exit_Data[[#This Row],[Tenure]]>3,"3 to 6 Yrs",Exit_Data[[#This Row],[Tenure]]>1,"1 to 3 Yrs",Exit_Data[[#This Row],[Tenure]]>0,"0 to 1 Yr") -> 1 to 3 Yrs
A7: 6 | B7: 10109 | C7: Prafulla Sohoni | D7: M | E7: G3 | F7: IT | G7: =IF(ISBLANK(Exit_Data[[#This Row],[Exit Date]]),"Active","Inactive") -> Active | H7: 44239 | L7: Wally Clark | M7: =(TODAY()-Exit_Data[[#This Row],[DOJ]])/365.25 -> 5.3826146 | N7: =_xlfn.IFS(Exit_Data[[#This Row],[Tenure]]>9,"9+ Yrs",Exit_Data[[#This Row],[Tenure]]>6,"6 to 9 Yrs",Exit_Data[[#This Row],[Tenure]]>3,"3 to 6 Yrs",Exit_Data[[#This Row],[Tenure]]>1,"1 to 3 Yrs",Exit_Data[[#This Row],[Tenure]]>0,"0 to 1 Yr") -> 3 to 6 Yrs
A8: 7 | B8: 10110 | C8: Jessica Fletcher | D8: F | E8: G3 | F8: Marketing | G8: =IF(ISBLANK(Exit_Data[[#This Row],[Exit Date]]),"Active","Inactive") -> Inactive | H8: 44104 | I8: 45823 | J8: Voluntary | K8: Health Reasons | L8: Camille Razat | M8: =(TODAY()-Exit_Data[[#This Row],[DOJ]])/365.25 -> 5.7522245 | N8: =_xlfn.IFS(Exit_Data[[#This Row],[Tenure]]>9,"9+ Yrs",Exit_Data[[#This Row],[Tenure]]>6,"6 to 9 Yrs",Exit_Data[[#This Row],[Tenure]]>3,"3 to 6 Yrs",Exit_Data[[#This Row],[Tenure]]>1,"1 to 3 Yrs",Exit_Data[[#This Row],[Tenure]]>0,"0 to 1 Yr") -> 3 to 6 Yrs
A9: 8 | B9: 10111 | C9: Jack Tripper | D9: M | E9: G3 | F9: Sales | G9: =IF(ISBLANK(Exit_Data[[#This Row],[Exit Date]]),"Active","Inactive") -> Inactive | H9: 44876 | I9: 45667 | J9: Voluntary | K9: Relocation | L9: Kate Sharma | M9: =(TODAY()-Exit_Data[[#This Row],[DOJ]])/365.25 -> 3.6386037 | N9: =_xlfn.IFS(Exit_Data[[#This Row],[Tenure]]>9,"9+ Yrs",Exit_Data[[#This Row],[Tenure]]>6,"6 to 9 Yrs",Exit_Data[[#This Row],[Tenure]]>3,"3 to 6 Yrs",Exit_Data[[#This Row],[Tenure]]>1,"1 to 3 Yrs",Exit_Data[[#This Row],[Tenure]]>0,"0 to 1 Yr") -> 3 to 6 Yrs
A10: 9 | B10: 10112 | C10: Sam Malone | D10: M | E10: G3 | F10: IT | G10: =IF(ISBLANK(Exit_Data[[#This Row],[Exit Date]]),"Active","Inactive") -> Active | H10: 44190 | L10: Wally Clark | M10: =(TODAY()-Exit_Data[[#This Row],[DOJ]])/365.25 -> 5.5167693 | N10: =_xlfn.IFS(Exit_Data[[#This Row],[Tenure]]>9,"9+ Yrs",Exit_Data[[#This Row],[Tenure]]>6,"6 to 9 Yrs",Exit_Data[[#This Row],[Tenure]]>3,"3 to 6 Yrs",Exit_Data[[#This Row],[Tenure]]>1,"1 to 3 Yrs",Exit_Data[[#This Row],[Tenure]]>0,"0 to 1 Yr") -> 3 to 6 Yrs
A11: 10 | B11: 10113 | C11: Elaine Benes | D11: F | E11: G2 | F11: IT | G11: =IF(ISBLANK(Exit_Data[[#This Row],[Exit Date]]),"Active","Inactive") -> Inactive | H11: 44300 | I11: 45915 | J11: Involuntary | K11: Performance | L11: Wally Clark | M11: =(TODAY()-Exit_Data[[#This Row],[DOJ]])/365.25 -> 5.2156057 | N11: =_xlfn.IFS(Exit_Data[[#This Row],[Tenure]]>9,"9+ Yrs",Exit_Data[[#This Row],[Tenure]]>6,"6 to 9 Yrs",Exit_Data[[#This Row],[Tenure]]>3,"3 to 6 Yrs",Exit_Data[[#This Row],[Tenure]]>1,"1 to 3 Yrs",Exit_Data[[#This Row],[Tenure]]>0,"0 to 1 Yr") -> 3 to 6 Yrs
A12: 11 | B12: 10114 | C12: Omar Little | D12: M | E12: G4 | F12: Marketing | G12: =IF(ISBLANK(Exit_Data[[#This Row],[Exit Date]]),"Active","Inactive") -> Active | H12: 44988 | L12: Emily Cooper | M12: =(TODAY()-Exit_Data[[#This Row],[DOJ]])/365.25 -> 3.3319644 | N12: =_xlfn.IFS(Exit_Data[[#This Row],[Tenure]]>9,"9+ Yrs",Exit_Data[[#This Row],[Tenure]]>6,"6 to 9 Yrs",Exit_Data[[#This Row],[Tenure]]>3,"3 to 6 Yrs",Exit_Data[[#This Row],[Tenure]]>1,"1 to 3 Yrs",Exit_Data[[#This Row],[Tenure]]>0,"0 to 1 Yr") -> 3 to 6 Yrs
A13: 12 | B13: 10115 | C13: Archie Bunker | D13: M | E13: G2 | F13: Marketing | G13: =IF(ISBLANK(Exit_Data[[#This Row],[Exit Date]]),"Active","Inactive") -> Active | H13: 43839 | L13: Emily Cooper | M13: =(TODAY()-Exit_Data[[#This Row],[DOJ]])/365.25 -> 6.477755 | N13: =_xlfn.IFS(Exit_Data[[#This Row],[Tenure]]>9,"9+ Yrs",Exit_Data[[#This Row],[Tenure]]>6,"6 to 9 Yrs",Exit_Data[[#This Row],[Tenure]]>3,"3 to 6 Yrs",Exit_Data[[#This Row],[Tenure]]>1,"1 to 3 Yrs",Exit_Data[[#This Row],[Tenure]]>0,"0 to 1 Yr") -> 6 to 9 Yrs
A14: 13 | B14: 10116 | C14: Mary Ann Summers | D14: F | E14: G2 | F14: Sales | G14: =IF(ISBLANK(Exit_Data[[#This Row],[Exit Date]]),"Active","Inactive") -> Active | H14: 44731 | L14: Kate Sharma | M14: =(TODAY()-Exit_Data[[#This Row],[DOJ]])/365.25 -> 4.0355921 | N14: =_xlfn.IFS(Exit_Data[[#This Row],[Tenure]]>9,"9+ Yrs",Exit_Data[[#This Row],[Tenure]]>6,"6 to 9 Yrs",Exit_Data[[#This Row],[Tenure]]>3,"3 to 6 Yrs",Exit_Data[[#This Row],[Tenure]]>1,"1 to 3 Yrs",Exit_Data[[#This Row],[Tenure]]>0,"0 to 1 Yr") -> 3 to 6 Yrs
A15: 14 | B15: 10117 | C15: Leslie Knope | D15: F | E15: G5 | F15: Marketing | G15: =IF(ISBLANK(Exit_Data[[#This Row],[Exit Date]]),"Active","Inactive") -> Active | H15: 44404 | L15: Emily Cooper | M15: =(TODAY()-Exit_Data[[#This Row],[DOJ]])/365.25 -> 4.9308693 | N15: =_xlfn.IFS(Exit_Data[[#This Row],[Tenure]]>9,"9+ Yrs",Exit_Data[[#This Row],[Tenure]]>6,"6 to 9 Yrs",Exit_Data[[#This Row],[Tenure]]>3,"3 to 6 Yrs",Exit_Data[[#This Row],[Tenure]]>1,"1 to 3 Yrs",Exit_Data[[#This Row],[Tenure]]>0,"0 to 1 Yr") -> 3 to 6 Yrs
A16: 15 | B16: 10118 | C16: Dexter Morgan | D16: M | E16: G1 | F16: Sales | G16: =IF(ISBLANK(Exit_Data[[#This Row],[Exit Date]]),"Active","Inactive") -> Active | H16: 44051 | L16: Kate Sharma | M16: =(TODAY()-Exit_Data[[#This Row],[DOJ]])/365.25 -> 5.8973306 | N16: =_xlfn.IFS(Exit_Data[[#This Row],[Tenure]]>9,"9+ Yrs",Exit_Data[[#This Row],[Tenure]]>6,"6 to 9 Yrs",Exit_Data[[#This Row],[Tenure]]>3,"3 to 6 Yrs",Exit_Data[[#This Row],[Tenure]]>1,"1 to 3 Yrs",Exit_Data[[#This Row],[Tenure]]>0,"0 to 1 Yr") -> 3 to 6 Yrs
A17: 16 | B17: 10119 | C17: Miranda Bailey | D17: F | E17: G2 | F17: IT | G17: =IF(ISBLANK(Exit_Data[[#This Row],[Exit Date]]),"Active","Inactive") -> Active | H17: 45001 | L17: Simon Elroy | M17: =(TODAY()-Exit_Data[[#This Row],[DOJ]])/365.25 -> 3.2963723 | N17: =_xlfn.IFS(Exit_Data[[#This Row],[Tenure]]>9,"9+ Yrs",Exit_Data[[#This Row],[Tenure]]>6,"6 to 9 Yrs",Exit_Data[[#This Row],[Tenure]]>3,"3 to 6 Yrs",Exit_Data[[#This Row],[Tenure]]>1,"1 to 3 Yrs",Exit_Data[[#This Row],[Tenure]]>0,"0 to 1 Yr") -> 3 to 6 Yrs
A18: 17 | B18: 10120 | C18: Michael Scott | D18: M | E18: G5 | F18: Marketing | G18: =IF(ISBLANK(Exit_Data[[#This Row],[Exit Date]]),"Active","Inactive") -> Active | H18: 43831 | L18: Emily Cooper | M18: =(TODAY()-Exit_Data[[#This Row],[DOJ]])/365.25 -> 6.4996578 | N18: =_xlfn.IFS(Exit_Data[[#This Row],[Tenure]]>9,"9+ Yrs",Exit_Data[[#This Row],[Tenure]]>6,"6 to 9 Yrs",Exit_Data[[#This Row],[Tenure]]>3,"3 to 6 Yrs",Exit_Data[[#This Row],[Tenure]]>1,"1 to 3 Yrs",Exit_Data[[#This Row],[Tenure]]>0,"0 to 1 Yr") -> 6 to 9 Yrs
A19: 18 | B19: 10121 | C19: Marcia Brad | D19: F | E19: G5 | F19: Marketing | G19: =IF(ISBLANK(Exit_Data[[#This Row],[Exit Date]]),"Active","Inactive") -> Active | H19: 44328 | L19: Camille Razat | M19: =(TODAY()-Exit_Data[[#This Row],[DOJ]])/365.25 -> 5.1389459 | N19: =_xlfn.IFS(Exit_Data[[#This Row],[Tenure]]>9,"9+ Yrs",Exit_Data[[#This Row],[Tenure]]>6,"6 to 9 Yrs",Exit_Data[[#This Row],[Tenure]]>3,"3 to 6 Yrs",Exit_Data[[#This Row],[Tenure]]>1,"1 to 3 Yrs",Exit_Data[[#This Row],[Tenure]]>0,"0 to 1 Yr") -> 3 to 6 Yrs
A20: 19 | B20: 10122 | C20: Lucy Ricardo | D20: F | E20: G5 | F20: Sales | G20: =IF(ISBLANK(Exit_Data[[#This Row],[Exit Date]]),"Active","Inactive") -> Active | H20: 44857 | L20: Kate Sharma | M20: =(TODAY()-Exit_Data[[#This Row],[DOJ]])/365.25 -> 3.6906229 | N20: =_xlfn.IFS(Exit_Data[[#This Row],[Tenure]]>9,"9+ Yrs",Exit_Data[[#This Row],[Tenure]]>6,"6 to 9 Yrs",Exit_Data[[#This Row],[Tenure]]>3,"3 to 6 Yrs",Exit_Data[[#This Row],[Tenure]]>1,"1 to 3 Yrs",Exit_Data[[#This Row],[Tenure]]>0,"0 to 1 Yr") -> 3 to 6 Yrs
A21: 20 | B21: 10123 | C21: Missy Cooper | D21: F | E21: G2 | F21: Sales | G21: =IF(ISBLANK(Exit_Data[[#This Row],[Exit Date]]),"Active","Inactive") -> Active | H21: 45326 | L21: Kate Sharma | M21: =(TODAY()-Exit_Data[[#This Row],[DOJ]])/365.25 -> 2.4065708 | N21: =_xlfn.IFS(Exit_Data[[#This Row],[Tenure]]>9,"9+ Yrs",Exit_Data[[#This Row],[Tenure]]>6,"6 to 9 Yrs",Exit_Data[[#This Row],[Tenure]]>3,"3 to 6 Yrs",Exit_Data[[#This Row],[Tenure]]>1,"1 to 3 Yrs",Exit_Data[[#This Row],[Tenure]]>0,"0 to 1 Yr") -> 1 to 3 Yrs
A22: 21 | B22: 10124 | C22: Connie Tucker | D22: F | E22: G2 | F22: Sales | G22: =IF(ISBLANK(Exit_Data[[#This Row],[Exit Date]]),"Active","Inactive") -> Active | H22: 45289 | L22: Margo Banks | M22: =(TODAY()-Exit_Data[[#This Row],[DOJ]])/365.25 -> 2.5078713 | N22: =_xlfn.IFS(Exit_Data[[#This Row],[Tenure]]>9,"9+ Yrs",Exit_Data[[#This Row],[Tenure]]>6,"6 to 9 Yrs",Exit_Data[[#This Row],[Tenure]]>3,"3 to 6 Yrs",Exit_Data[[#This Row],[Tenure]]>1,"1 to 3 Yrs",Exit_Data[[#This Row],[Tenure]]>0,"0 to 1 Yr") -> 1 to 3 Yrs
A23: 22 | B23: 10125 | C23: John Sturgis | D23: M | E23: G1 | F23: Finance | G23: =IF(ISBLANK(Exit_Data[[#This Row],[Exit Date]]),"Active","Inactive") -> Active | H23: 43999 | L23: Mindy Chen | M23: =(TODAY()-Exit_Data[[#This Row],[DOJ]])/365.25 -> 6.0396988 | N23: =_xlfn.IFS(Exit_Data[[#This Row],[Tenure]]>9,"9+ Yrs",Exit_Data[[#This Row],[Tenure]]>6,"6 to 9 Yrs",Exit_Data[[#This Row],[Tenure]]>3,"3 to 6 Yrs",Exit_Data[[#This Row],[Tenure]]>1,"1 to 3 Yrs",Exit_Data[[#This Row],[Tenure]]>0,"0 to 1 Yr") -> 6 to 9 Yrs
... A33: 32 | B33: 10135 | C33: Richard Burke | D33: M | E33: G1 | F33: IT | G33: =IF(ISBLANK(Exit_Data[[#This Row],[Exit Date]]),"Active","Inactive") -> Active | H33: 45229 | L33: Wally Clark | M33: =(TODAY()-Exit_Data[[#This Row],[DOJ]])/365.25 -> 2.6721424 | N33: =_xlfn.IFS(Exit_Data[[#This Row],[Tenure]]>9,"9+ Yrs",Exit_Data[[#This Row],[Tenure]]>6,"6 to 9 Yrs",Exit_Data[[#This Row],[Tenure]]>3,"3 to 6 Yrs",Exit_Data[[#This Row],[Tenure]]>1,"1 to 3 Yrs",Exit_Data[[#This Row],[Tenure]]>0,"0 to 1 Yr") -> 1 to 3 Yrs
A34: 33 | B34: 10136 | C34: Ted Mosby | D34: M | E34: G2 | F34: IT | G34: =IF(ISBLANK(Exit_Data[[#This Row],[Exit Date]]),"Active","Inactive") -> Inactive | H34: 44563 | I34: 45696 | J34: Voluntary | K34: Better Opportunity | L34: Simon Elroy | M34: =(TODAY()-Exit_Data[[#This Row],[DOJ]])/365.25 -> 4.495551 | N34: =_xlfn.IFS(Exit_Data[[#This Row],[Tenure]]>9,"9+ Yrs",Exit_Data[[#This Row],[Tenure]]>6,"6 to 9 Yrs",Exit_Data[[#This Row],[Tenure]]>3,"3 to 6 Yrs",Exit_Data[[#This Row],[Tenure]]>1,"1 to 3 Yrs",Exit_Data[[#This Row],[Tenure]]>0,"0 to 1 Yr") -> 3 to 6 Yrs
A35: 34 | B35: 10137 | C35: Robin Scherbatsky | D35: F | E35: G3 | F35: IT | G35: =IF(ISBLANK(Exit_Data[[#This Row],[Exit Date]]),"Active","Inactive") -> Active | H35: 44426 | L35: Simon Elroy | M35: =(TODAY()-Exit_Data[[#This Row],[DOJ]])/365.25 -> 4.8706366 | N35: =_xlfn.IFS(Exit_Data[[#This Row],[Tenure]]>9,"9+ Yrs",Exit_Data[[#This Row],[Tenure]]>6,"6 to 9 Yrs",Exit_Data[[#This Row],[Tenure]]>3,"3 to 6 Yrs",Exit_Data[[#This Row],[Tenure]]>1,"1 to 3 Yrs",Exit_Data[[#This Row],[Tenure]]>0,"0 to 1 Yr") -> 3 to 6 Yrs
A36: 35 | B36: 10138 | C36: Marshall Eriksen | D36: M | E36: G1 | F36: Marketing | G36: =IF(ISBLANK(Exit_Data[[#This Row],[Exit Date]]),"Active","Inactive") -> Active | H36: 43897 | L36: Camille Razat | M36: =(TODAY()-Exit_Data[[#This Row],[DOJ]])/365.25 -> 6.3189596 | N36: =_xlfn.IFS(Exit_Data[[#This Row],[Tenure]]>9,"9+ Yrs",Exit_Data[[#This Row],[Tenure]]>6,"6 to 9 Yrs",Exit_Data[[#This Row],[Tenure]]>3,"3 to 6 Yrs",Exit_Data[[#This Row],[Tenure]]>1,"1 to 3 Yrs",Exit_Data[[#This Row],[Tenure]]>0,"0 to 1 Yr") -> 6 to 9 Yrs
A37: 36 | B37: 10139 | C37: Lily Aldrin | D37: F | E37: G3 | F37: Marketing | G37: =IF(ISBLANK(Exit_Data[[#This Row],[Exit Date]]),"Active","Inactive") -> Active | H37: 44907 | L37: Camille Razat | M37: =(TODAY()-Exit_Data[[#This Row],[DOJ]])/365.25 -> 3.5537303 | N37: =_xlfn.IFS(Exit_Data[[#This Row],[Tenure]]>9,"9+ Yrs",Exit_Data[[#This Row],[Tenure]]>6,"6 to 9 Yrs",Exit_Data[[#This Row],[Tenure]]>3,"3 to 6 Yrs",Exit_Data[[#This Row],[Tenure]]>1,"1 to 3 Yrs",Exit_Data[[#This Row],[Tenure]]>0,"0 to 1 Yr") -> 3 to 6 Yrs
A38: 37 | B38: 10140 | C38: Barney Stinson | D38: M | E38: G4 | F38: Sales | G38: =IF(ISBLANK(Exit_Data[[#This Row],[Exit Date]]),"Active","Inactive") -> Inactive | H38: 43922 | I38: 45853 | J38: Voluntary | K38: Better Opportunity | L38: Margo Banks | M38: =(TODAY()-Exit_Data[[#This Row],[DOJ]])/365.25 -> 6.2505133 | N38: =_xlfn.IFS(Exit_Data[[#This Row],[Tenure]]>9,"9+ Yrs",Exit_Data[[#This Row],[Tenure]]>6,"6 to 9 Yrs",Exit_Data[[#This Row],[Tenure]]>3,"3 to 6 Yrs",Exit_Data[[#This Row],[Tenure]]>1,"1 to 3 Yrs",Exit_Data[[#This Row],[Tenure]]>0,"0 to 1 Yr") -> 6 to 9 Yrs
A39: 38 | B39: 10141 | C39: Stella Zinman | D39: F | E39: G3 | F39: IT | G39: =IF(ISBLANK(Exit_Data[[#This Row],[Exit Date]]),"Active","Inactive") -> Inactive | H39: 45071 | I39: 45940 | J39: Voluntary | K39: Better Opportunity | L39: Simon Elroy | M39: =(TODAY()-Exit_Data[[#This Row],[DOJ]])/365.25 -> 3.1047228 | N39: =_xlfn.IFS(Exit_Data[[#This Row],[Tenure]]>9,"9+ Yrs",Exit_Data[[#This Row],[Tenure]]>6,"6 to 9 Yrs",Exit_Data[[#This Row],[Tenure]]>3,"3 to 6 Yrs",Exit_Data[[#This Row],[Tenure]]>1,"1 to 3 Yrs",Exit_Data[[#This Row],[Tenure]]>0,"0 to 1 Yr") -> 3 to 6 Yrs
A40: 39 | B40: 10142 | C40: Quinn Garvey | D40: M | E40: G2 | F40: sales | G40: =IF(ISBLANK(Exit_Data[[#This Row],[Exit Date]]),"Active","Inactive") -> Active | H40: 44448 | L40: Margo Banks | M40: =(TODAY()-Exit_Data[[#This Row],[DOJ]])/365.25 -> 4.8104038 | N40: =_xlfn.IFS(Exit_Data[[#This Row],[Tenure]]>9,"9+ Yrs",Exit_Data[[#This Row],[Tenure]]>6,"6 to 9 Yrs",Exit_Data[[#This Row],[Tenure]]>3,"3 to 6 Yrs",Exit_Data[[#This Row],[Tenure]]>1,"1 to 3 Yrs",Exit_Data[[#This Row],[Tenure]]>0,"0 to 1 Yr") -> 3 to 6 Yrs
A41: 40 | B41: 10143 | C41: Harvey Specter | D41: M | E41: G4 | F41: Marketing | G41: =IF(ISBLANK(Exit_Data[[#This Row],[Exit Date]]),"Active","Inactive") -> Active | H41: 43841 | L41: Camille Razat | M41: =(TODAY()-Exit_Data[[#This Row],[DOJ]])/365.25 -> 6.4722793 | N41: =_xlfn.IFS(Exit_Data[[#This Row],[Tenure]]>9,"9+ Yrs",Exit_Data[[#This Row],[Tenure]]>6,"6 to 9 Yrs",Exit_Data[[#This Row],[Tenure]]>3,"3 to 6 Yrs",Exit_Data[[#This Row],[Tenure]]>1,"1 to 3 Yrs",Exit_Data[[#This Row],[Tenure]]>0,"0 to 1 Yr") -> 6 to 9 Yrs
A42: 41 | B42: 10144 | C42: Mike Ross | D42: M | E42: G2 | F42: Finance | G42: =IF(ISBLANK(Exit_Data[[#This Row],[Exit Date]]),"Active","Inactive") -> Active | H42: 44759 | L42: Anthony Bridgerton | M42: =(TODAY()-Exit_Data[[#This Row],[DOJ]])/365.25 -> 3.9589322 | N42: =_xlfn.IFS(Exit_Data[[#This Row],[Tenure]]>9,"9+ Yrs",Exit_Data[[#This Row],[Tenure]]>6,"6 to 9 Yrs",Exit_Data[[#This Row],[Tenure]]>3,"3 to 6 Yrs",Exit_Data[[#This Row],[Tenure]]>1,"1 to 3 Yrs",Exit_Data[[#This Row],[Tenure]]>0,"0 to 1 Yr") -> 3 to 6 Yrs
A43: 42 | B43: 10145 | C43: Louis Litt | D43: M | E43: G3 | F43: Finance | G43: =IF(ISBLANK(Exit_Data[[#This Row],[Exit Date]]),"Active","Inactive") -> Active | H43: 45202 | L43: Anthony Bridgerton | M43: =(TODAY()-Exit_Data[[#This Row],[DOJ]])/365.25 -> 2.7460643 | N43: =_xlfn.IFS(Exit_Data[[#This Row],[Tenure]]>9,"9+ Yrs",Exit_Data[[#This Row],[Tenure]]>6,"6 to 9 Yrs",Exit_Data[[#This Row],[Tenure]]>3,"3 to 6 Yrs",Exit_Data[[#This Row],[Tenure]]>1,"1 to 3 Yrs",Exit_Data[[#This Row],[Tenure]]>0,"0 to 1 Yr") -> 1 to 3 Yrs
A44: 43 | B44: 10146 | C44: Donna Paulsen | D44: F | E44: G3 | F44: Finance | G44: =IF(ISBLANK(Exit_Data[[#This Row],[Exit Date]]),"Active","Inactive") -> Inactive | H44: 44353 | I44: 45846 | J44: Voluntary | K44: Better Opportunity | L44: Anthony Bridgerton | M44: =(TODAY()-Exit_Data[[#This Row],[DOJ]])/365.25 -> 5.0704997 | N44: =_xlfn.IFS(Exit_Data[[#This Row],[Tenure]]>9,"9+ Yrs",Exit_Data[[#This Row],[Tenure]]>6,"6 to 9 Yrs",Exit_Data[[#This Row],[Tenure]]>3,"3 to 6 Yrs",Exit_Data[[#This Row],[Tenure]]>1,"1 to 3 Yrs",Exit_Data[[#This Row],[Tenure]]>0,"0 to 1 Yr") -> 3 to 6 Yrs
A45: 44 | B45: 10147 | C45: Jessica Pearson | D45: F | E45: G2 | F45: Marketing | G45: =IF(ISBLANK(Exit_Data[[#This Row],[Exit Date]]),"Active","Inactive") -> Inactive | H45: 43881 | I45: 45971 | J45: Voluntary | K45: Better Opportunity | L45: Camille Razat | M45: =(TODAY()-Exit_Data[[#This Row],[DOJ]])/365.25 -> 6.3627652 | N45: =_xlfn.IFS(Exit_Data[[#This Row],[Tenure]]>9,"9+ Yrs",Exit_Data[[#This Row],[Tenure]]>6,"6 to 9 Yrs",Exit_Data[[#This Row],[Tenure]]>3,"3 to 6 Yrs",Exit_Data[[#This Row],[Tenure]]>1,"1 to 3 Yrs",Exit_Data[[#This Row],[Tenure]]>0,"0 to 1 Yr") -> 6 to 9 Yrs
A46: 45 | B46: 10148 | C46: Rachel Zane | D46: F | E46: G1 | F46: Sales | G46: =IF(ISBLANK(Exit_Data[[#This Row],[Exit Date]]),"Active","Inactive") -> Active | H46: 44669 | L46: Margo Banks | M46: =(TODAY()-Exit_Data[[#This Row],[DOJ]])/365.25 -> 4.2053388 | N46: =_xlfn.IFS(Exit_Data[[#This Row],[Tenure]]>9,"9+ Yrs",Exit_Data[[#This Row],[Tenure]]>6,"6 to 9 Yrs",Exit_Data[[#This Row],[Tenure]]>3,"3 to 6 Yrs",Exit_Data[[#This Row],[Tenure]]>1,"1 to 3 Yrs",Exit_Data[[#This Row],[Tenure]]>0,"0 to 1 Yr") -> 3 to 6 Yrs
A47: 46 | B47: 10149 | C47: Katrina Bennett | D47: F | E47: G2 | F47: IT | G47: =IF(ISBLANK(Exit_Data[[#This Row],[Exit Date]]),"Active","Inactive") -> Active | H47: 44955 | L47: Simon Elroy | M47: =(TODAY()-Exit_Data[[#This Row],[DOJ]])/365.25 -> 3.4223135 | N47: =_xlfn.IFS(Exit_Data[[#This Row],[Tenure]]>9,"9+ Yrs",Exit_Data[[#This Row],[Tenure]]>6,"6 to 9 Yrs",Exit_Data[[#This Row],[Tenure]]>3,"3 to 6 Yrs",Exit_Data[[#This Row],[Tenure]]>1,"1 to 3 Yrs",Exit_Data[[#This Row],[Tenure]]>0,"0 to 1 Yr") -> 3 to 6 Yrs
A48: 47 | B48: 10150 | C48: Samantha Wheeler | D48: F | E48: G1 | F48: Marketing | G48: =IF(ISBLANK(Exit_Data[[#This Row],[Exit Date]]),"Active","Inactive") -> Active | H48: 44269 | L48: Emily Cooper | M48: =(TODAY()-Exit_Data[[#This Row],[DOJ]])/365.25 -> 5.3004791 | N48: =_xlfn.IFS(Exit_Data[[#This Row],[Tenure]]>9,"9+ Yrs",Exit_Data[[#This Row],[Tenure]]>6,"6 to 9 Yrs",Exit_Data[[#This Row],[Tenure]]>3,"3 to 6 Yrs",Exit_Data[[#This Row],[Tenure]]>1,"1 to 3 Yrs",Exit_Data[[#This Row],[Tenure]]>0,"0 to 1 Yr") -> 3 to 6 Yrs
A49: 48 | B49: 10151 | C49: Robert Zane | D49: M | E49: G2 | F49: Marketing | G49: =IF(ISBLANK(Exit_Data[[#This Row],[Exit Date]]),"Active","Inactive") -> Active | H49: 44065 | L49: Emily Cooper | M49: =(TODAY()-Exit_Data[[#This Row],[DOJ]])/365.25 -> 5.8590007 | N49: =_xlfn.IFS(Exit_Data[[#This Row],[Tenure]]>9,"9+ Yrs",Exit_Data[[#This Row],[Tenure]]>6,"6 to 9 Yrs",Exit_Data[[#This Row],[Tenure]]>3,"3 to 6 Yrs",Exit_Data[[#This Row],[Tenure]]>1,"1 to 3 Yrs",Exit_Data[[#This Row],[Tenure]]>0,"0 to 1 Yr") -> 3 to 6 Yrs
A50: 49 | B50: 10152 | C50: Benjamin | D50: M | E50: G5 | F50: Marketing | G50: =IF(ISBLANK(Exit_Data[[#This Row],[Exit Date]]),"Active","Inactive") -> Active | H50: 45417 | L50: Emily Cooper | M50: =(TODAY()-Exit_Data[[#This Row],[DOJ]])/365.25 -> 2.1574264 | N50: =_xlfn.IFS(Exit_Data[[#This Row],[Tenure]]>9,"9+ Yrs",Exit_Data[[#This Row],[Tenure]]>6,"6 to 9 Yrs",Exit_Data[[#This Row],[Tenure]]>3,"3 to 6 Yrs",Exit_Data[[#This Row],[Tenure]]>1,"1 to 3 Yrs",Exit_Data[[#This Row],[Tenure]]>0,"0 to 1 Yr") -> 1 to 3 Yrs
A51: 50 | B51: 10153 | C51: Damini Rizvi Roy | D51: F | E51: G3 | F51: IT | G51: =IF(ISBLANK(Exit_Data[[#This Row],[Exit Date]]),"Active","Inactive") -> Active | H51: 44761 | L51: Simon Elroy | M51: =(TODAY()-Exit_Data[[#This Row],[DOJ]])/365.25 -> 3.9534565 | N51: =_xlfn.IFS(Exit_Data[[#This Row],[Tenure]]>9,"9+ Yrs",Exit_Data[[#This Row],[Tenure]]>6,"6 to 9 Yrs",Exit_Data[[#This Row],[Tenure]]>3,"3 to 6 Yrs",Exit_Data[[#This Row],[Tenure]]>1,"1 to 3 Yrs",Exit_Data[[#This Row],[Tenure]]>0,"0 to 1 Yr") -> 3 to 6 Yrs
A52: 51 | B52: 10154 | C52: Anjana Menon | D52: F | E52: G1 | F52: IT | G52: =IF(ISBLANK(Exit_Data[[#This Row],[Exit Date]]),"Active","Inactive") -> Active | H52: 44528 | L52: Simon Elroy | M52: =(TODAY()-Exit_Data[[#This Row],[DOJ]])/365.25 -> 4.5913758 | N52: =_xlfn.IFS(Exit_Data[[#This Row],[Tenure]]>9,"9+ Yrs",Exit_Data[[#This Row],[Tenure]]>6,"6 to 9 Yrs",Exit_Data[[#This Row],[Tenure]]>3,"3 to 6 Yrs",Exit_Data[[#This Row],[Tenure]]>1,"1 to 3 Yrs",Exit_Data[[#This Row],[Tenure]]>0,"0 to 1 Yr") -> 3 to 6 Yrs
A53: 52 | B53: 10155 | C53: Umang Singh | D53: M | E53: G4 | F53: sales | G53: =IF(ISBLANK(Exit_Data[[#This Row],[Exit Date]]),"Active","Inactive") -> Active | H53: 44939 | L53: Margo Banks | M53: =(TODAY()-Exit_Data[[#This Row],[DOJ]])/365.25 -> 3.4661191 | N53: =_xlfn.IFS(Exit_Data[[#This Row],[Tenure]]>9,"9+ Yrs",Exit_Data[[#This Row],[Tenure]]>6,"6 to 9 Yrs",Exit_Data[[#This Row],[Tenure]]>3,"3 to 6 Yrs",Exit_Data[[#This Row],[Tenure]]>1,"1 to 3 Yrs",Exit_Data[[#This Row],[Tenure]]>0,"0 to 1 Yr") -> 3 to 6 Yrs
A54: 53 | B54: 10156 | C54: Siddhi Patel | D54: F | E54: G5 | F54: IT | G54: =IF(ISBLANK(Exit_Data[[#This Row],[Exit Date]]),"Active","Inactive") -> Active | H54: 44843 | L54: Simon Elroy | M54: =(TODAY()-Exit_Data[[#This Row],[DOJ]])/365.25 -> 3.7289528 | N54: =_xlfn.IFS(Exit_Data[[#This Row],[Tenure]]>9,"9+ Yrs",Exit_Data[[#This Row],[Tenure]]>6,"6 to 9 Yrs",Exit_Data[[#This Row],[Tenure]]>3,"3 to 6 Yrs",Exit_Data[[#This Row],[Tenure]]>1,"1 to 3 Yrs",Exit_Data[[#This Row],[Tenure]]>0,"0 to 1 Yr") -> 3 to 6 Yrs
A55: 54 | B55: 10157 | C55: Jeh Wadia | D55: M | E55: G4 | F55: Marketing | G55: =IF(ISBLANK(Exit_Data[[#This Row],[Exit Date]]),"Active","Inactive") -> Active | H55: 43989 | L55: Emily Cooper | M55: =(TODAY()-Exit_Data[[#This Row],[DOJ]])/365.25 -> 6.0670773 | N55: =_xlfn.IFS(Exit_Data[[#This Row],[Tenure]]>9,"9+ Yrs",Exit_Data[[#This Row],[Tenure]]>6,"6 to 9 Yrs",Exit_Data[[#This Row],[Tenure]]>3,"3 to 6 Yrs",Exit_Data[[#This Row],[Tenure]]>1,"1 to 3 Yrs",Exit_Data[[#This Row],[Tenure]]>0,"0 to 1 Yr") -> 6 to 9 Yrs
A56: 55 | B56: 10158 | C56: Samara Kapoor | D56: F | E56: G1 | F56: IT | G56: =IF(ISBLANK(Exit_Data[[#This Row],[Exit Date]]),"Active","Inactive") -> Active | H56: 45338 | L56: Simon Elroy | M56: =(TODAY()-Exit_Data[[#This Row],[DOJ]])/365.25 -> 2.3737166 | N56: =_xlfn.IFS(Exit_Data[[#This Row],[Tenure]]>9,"9+ Yrs",Exit_Data[[#This Row],[Tenure]]>6,"6 to 9 Yrs",Exit_Data[[#This Row],[Tenure]]>3,"3 to 6 Yrs",Exit_Data[[#This Row],[Tenure]]>1,"1 to 3 Yrs",Exit_Data[[#This Row],[Tenure]]>0,"0 to 1 Yr") -> 1 to 3 Yrs
A57: 56 | B57: 10159 | C57: Amit Mishra | D57: M | E57: G1 | F57: Sales | G57: =IF(ISBLANK(Exit_Data[[#This Row],[Exit Date]]),"Active","Inactive") -> Active | H57: 44256 | L57: Margo Banks | M57: =(TODAY()-Exit_Data[[#This Row],[DOJ]])/365.25 -> 5.3360712 | N57: =_xlfn.IFS(Exit_Data[[#This Row],[Tenure]]>9,"9+ Yrs",Exit_Data[[#This Row],[Tenure]]>6,"6 to 9 Yrs",Exit_Data[[#This Row],[Tenure]]>3,"3 to 6 Yrs",Exit_Data[[#This Row],[Tenure]]>1,"1 to 3 Yrs",Exit_Data[[#This Row],[Tenure]]>0,"0 to 1 Yr") -> 3 to 6 Yrs
A58: 57 | B58: 10160 | C58: Pervesh Bharadwaj | D58: M | E58: G5 | F58: IT | G58: =IF(ISBLANK(Exit_Data[[#This Row],[Exit Date]]),"Active","Inactive") -> Inactive | H58: 45163 | I58: 45719 | J58: Voluntary | K58: Better Opportunity | L58: Wally Clark | M58: =(TODAY()-Exit_Data[[#This Row],[DOJ]])/365.25 -> 2.8528405 | N58: =_xlfn.IFS(Exit_Data[[#This Row],[Tenure]]>9,"9+ Yrs",Exit_Data[[#This Row],[Tenure]]>6,"6 to 9 Yrs",Exit_Data[[#This Row],[Tenure]]>3,"3 to 6 Yrs",Exit_Data[[#This Row],[Tenure]]>1,"1 to 3 Yrs",Exit_Data[[#This Row],[Tenure]]>0,"0 to 1 Yr") -> 1 to 3 Yrs
A59: 58 | B59: 10161 | C59: Kavya Arora | D59: F | E59: G5 | F59: IT | G59: =IF(ISBLANK(Exit_Data[[#This Row],[Exit Date]]),"Active","Inactive") -> Active | H59: 44176 | L59: Wally Clark | M59: =(TODAY()-Exit_Data[[#This Row],[DOJ]])/365.25 -> 5.5550992 | N59: =_xlfn.IFS(Exit_Data[[#This Row],[Tenure]]>9,"9+ Yrs",Exit_Data[[#This Row],[Tenure]]>6,"6 to 9 Yrs",Exit_Data[[#This Row],[Tenure]]>3,"3 to 6 Yrs",Exit_Data[[#This Row],[Tenure]]>1,"1 to 3 Yrs",Exit_Data[[#This Row],[Tenure]]>0,"0 to 1 Yr") -> 3 to 6 Yrs
A60: 59 | B60: 10162 | C60: Arjun Nair | D60: M | E60: G2 | F60: Finance | G60: =IF(ISBLANK(Exit_Data[[#This Row],[Exit Date]]),"Active","Inactive") -> Active | H60: 44591 | L60: Mindy Chen | M60: =(TODAY()-Exit_Data[[#This Row],[DOJ]])/365.25 -> 4.4188912 | N60: =_xlfn.IFS(Exit_Data[[#This Row],[Tenure]]>9,"9+ Yrs",Exit_Data[[#This Row],[Tenure]]>6,"6 to 9 Yrs",Exit_Data[[#This Row],[Tenure]]>3,"3 to 6 Yrs",Exit_Data[[#This Row],[Tenure]]>1,"1 to 3 Yrs",Exit_Data[[#This Row],[Tenure]]>0,"0 to 1 Yr") -> 3 to 6 Yrs
A61: 60 | B61: 10163 | C61: Lorelai Gilmore | D61: F | E61: G3 | F61: Finance | G61: =IF(ISBLANK(Exit_Data[[#This Row],[Exit Date]]),"Active","Inactive") -> Active | H61: 44294 | L61: Sylvie Grateau | M61: =(TODAY()-Exit_Data[[#This Row],[DOJ]])/365.25 -> 5.2320329 | N61: =_xlfn.IFS(Exit_Data[[#This Row],[Tenure]]>9,"9+ Yrs",Exit_Data[[#This Row],[Tenure]]>6,"6 to 9 Yrs",Exit_Data[[#This Row],[Tenure]]>3,"3 to 6 Yrs",Exit_Data[[#This Row],[Tenure]]>1,"1 to 3 Yrs",Exit_Data[[#This Row],[Tenure]]>0,"0 to 1 Yr") -> 3 to 6 Yrs
A62: 61 | B62: 10164 | C62: Rory Gilmore | D62: F | E62: G3 | F62: Finance | G62: =IF(ISBLANK(Exit_Data[[#This Row],[Exit Date]]),"Active","Inactive") -> Active | H62: 45190 | L62: Mindy Chen | M62: =(TODAY()-Exit_Data[[#This Row],[DOJ]])/365.25 -> 2.7789185 | N62: =_xlfn.IFS(Exit_Data[[#This Row],[Tenure]]>9,"9+ Yrs",Exit_Data[[#This Row],[Tenure]]>6,"6 to 9 Yrs",Exit_Data[[#This Row],[Tenure]]>3,"3 to 6 Yrs",Exit_Data[[#This Row],[Tenure]]>1,"1 to 3 Yrs",Exit_Data[[#This Row],[Tenure]]>0,"0 to 1 Yr") -> 1 to 3 Yrs
A63: 62 | B63: 10165 | C63: Luke Danes | D63: M | E63: G5 | F63: IT | G63: =IF(ISBLANK(Exit_Data[[#This Row],[Exit Date]]),"Active","Inactive") -> Active | H63: 43992 | L63: Wally Clark | M63: =(TODAY()-Exit_Data[[#This Row],[DOJ]])/365.25 -> 6.0588638 | N63: =_xlfn.IFS(Exit_Data[[#This Row],[Tenure]]>9,"9+ Yrs",Exit_Data[[#This Row],[Tenure]]>6,"6 to 9 Yrs",Exit_Data[[#This Row],[Tenure]]>3,"3 to 6 Yrs",Exit_Data[[#This Row],[Tenure]]>1,"1 to 3 Yrs",Exit_Data[[#This Row],[Tenure]]>0,"0 to 1 Yr") -> 6 to 9 Yrs
A64: 63 | B64: 10166 | C64: Emily Gilmore | D64: F | E64: G1 | F64: Sales | G64: =IF(ISBLANK(Exit_Data[[#This Row],[Exit Date]]),"Active","Inactive") -> Active | H64: 44882 | L64: Margo Banks | M64: =(TODAY()-Exit_Data[[#This Row],[DOJ]])/365.25 -> 3.6221766 | N64: =_xlfn.IFS(Exit_Data[[#This Row],[Tenure]]>9,"9+ Yrs",Exit_Data[[#This Row],[Tenure]]>6,"6 to 9 Yrs",Exit_Data[[#This Row],[Tenure]]>3,"3 to 6 Yrs",Exit_Data[[#This Row],[Tenure]]>1,"1 to 3 Yrs",Exit_Data[[#This Row],[Tenure]]>0,"0 to 1 Yr") -> 3 to 6 Yrs
A65: 64 | B65: 10167 | C65: Richard Gilmore | D65: M | E65: G2 | F65: IT | G65: =IF(ISBLANK(Exit_Data[[#This Row],[Exit Date]]),"Active","Inactive") -> Active | H65: 44199 | L65: Wally Clark | M65: =(TODAY()-Exit_Data[[#This Row],[DOJ]])/365.25 -> 5.4921287 | N65: =_xlfn.IFS(Exit_Data[[#This Row],[Tenure]]>9,"9+ Yrs",Exit_Data[[#This Row],[Tenure]]>6,"6 to 9 Yrs",Exit_Data[[#This Row],[Tenure]]>3,"3 to 6 Yrs",Exit_Data[[#This Row],[Tenure]]>1,"1 to 3 Yrs",Exit_Data[[#This Row],[Tenure]]>0,"0 to 1 Yr") -> 3 to 6 Yrs
A66: 65 | B66: 10168 | C66: Sookie James | D66: F | E66: G3 | F66: IT | G66: =IF(ISBLANK(Exit_Data[[#This Row],[Exit Date]]),"Active","Inactive") -> Active | H66: 45438 | L66: Wally Clark | M66: =(TODAY()-Exit_Data[[#This Row],[DOJ]])/365.25 -> 2.0999316 | N66: =_xlfn.IFS(Exit_Data[[#This Row],[Tenure]]>9,"9+ Yrs",Exit_Data[[#This Row],[Tenure]]>6,"6 to 9 Yrs",Exit_Data[[#This Row],[Tenure]]>3,"3 to 6 Yrs",Exit_Data[[#This Row],[Tenure]]>1,"1 to 3 Yrs",Exit_Data[[#This Row],[Tenure]]>0,"0 to 1 Yr") -> 1 to 3 Yrs
A67: 66 | B67: 10169 | C67: Lane Kim | D67: F | E67: G4 | F67: Marketing | G67: =IF(ISBLANK(Exit_Data[[#This Row],[Exit Date]]),"Active","Inactive") -> Active | H67: 44756 | L67: Camille Razat | M67: =(TODAY()-Exit_Data[[#This Row],[DOJ]])/365.25 -> 3.9671458 | N67: =_xlfn.IFS(Exit_Data[[#This Row],[Tenure]]>9,"9+ Yrs",Exit_Data[[#This Row],[Tenure]]>6,"6 to 9 Yrs",Exit_Data[[#This Row],[Tenure]]>3,"3 to 6 Yrs",Exit_Data[[#This Row],[Tenure]]>1,"1 to 3 Yrs",Exit_Data[[#This Row],[Tenure]]>0,"0 to 1 Yr") -> 3 to 6 Yrs
A68: 67 | B68: 10170 | C68: Jess Mariano | D68: M | E68: G5 | F68: Marketing | G68: =IF(ISBLANK(Exit_Data[[#This Row],[Exit Date]]),"Active","Inactive") -> Active | H68: 45939 | L68: Camille Razat | M68: =(TODAY()-Exit_Data[[#This Row],[DOJ]])/365.25 -> 0.72826831 | N68: =_xlfn.IFS(Exit_Data[[#This Row],[Tenure]]>9,"9+ Yrs",Exit_Data[[#This Row],[Tenure]]>6,"6 to 9 Yrs",Exit_Data[[#This Row],[Tenure]]>3,"3 to 6 Yrs",Exit_Data[[#This Row],[Tenure]]>1,"1 to 3 Yrs",Exit_Data[[#This Row],[Tenure]]>0,"0 to 1 Yr") -> 0 to 1 Yr
A69: 68 | B69: 10171 | C69: Dean Forester | D69: M | E69: G3 | F69: Marketing | G69: =IF(ISBLANK(Exit_Data[[#This Row],[Exit Date]]),"Active","Inactive") -> Active | H69: 44958 | L69: Camille Razat | M69: =(TODAY()-Exit_Data[[#This Row],[DOJ]])/365.25 -> 3.4140999 | N69: =_xlfn.IFS(Exit_Data[[#This Row],[Tenure]]>9,"9+ Yrs",Exit_Data[[#This Row],[Tenure]]>6,"6 to 9 Yrs",Exit_Data[[#This Row],[Tenure]]>3,"3 to 6 Yrs",Exit_Data[[#This Row],[Tenure]]>1,"1 to 3 Yrs",Exit_Data[[#This Row],[Tenure]]>0,"0 to 1 Yr") -> 3 to 6 Yrs
A70: 69 | B70: 10172 | C70: Rachel Berry | D70: F | E70: G1 | F70: Sales | G70: =IF(ISBLANK(Exit_Data[[#This Row],[Exit Date]]),"Active","Inactive") -> Active | H70: 44266 | L70: Margo Banks | M70: =(TODAY()-Exit_Data[[#This Row],[DOJ]])/365.25 -> 5.3086927 | N70: =_xlfn.IFS(Exit_Data[[#This Row],[Tenure]]>9,"9+ Yrs",Exit_Data[[#This Row],[Tenure]]>6,"6 to 9 Yrs",Exit_Data[[#This Row],[Tenure]]>3,"3 to 6 Yrs",Exit_Data[[#This Row],[Tenure]]>1,"1 to 3 Yrs",Exit_Data[[#This Row],[Tenure]]>0,"0 to 1 Yr") -> 3 to 6 Yrs
A71: 70 | B71: 10173 | C71: Finn Hudson | D71: M | E71: G4 | F71: IT | G71: =IF(ISBLANK(Exit_Data[[#This Row],[Exit Date]]),"Active","Inactive") -> Active | H71: 44741 | L71: Wally Clark | M71: =(TODAY()-Exit_Data[[#This Row],[DOJ]])/365.25 -> 4.0082136 | N71: =_xlfn.IFS(Exit_Data[[#This Row],[Tenure]]>9,"9+ Yrs",Exit_Data[[#This Row],[Tenure]]>6,"6 to 9 Yrs",Exit_Data[[#This Row],[Tenure]]>3,"3 to 6 Yrs",Exit_Data[[#This Row],[Tenure]]>1,"1 to 3 Yrs",Exit_Data[[#This Row],[Tenure]]>0,"0 to 1 Yr") -> 3 to 6 Yrs
A72: 71 | B72: 10174 | C72: Kurt Hummel | D72: M | E72: G3 | F72: sales | G72: =IF(ISBLANK(Exit_Data[[#This Row],[Exit Date]]),"Active","Inactive") -> Inactive | H72: 44049 | I72: 45796 | J72: Voluntary | K72: Better Opportunity | L72: Margo Banks | M72: =(TODAY()-Exit_Data[[#This Row],[DOJ]])/365.25 -> 5.9028063 | N72: =_xlfn.IFS(Exit_Data[[#This Row],[Tenure]]>9,"9+ Yrs",Exit_Data[[#This Row],[Tenure]]>6,"6 to 9 Yrs",Exit_Data[[#This Row],[Tenure]]>3,"3 to 6 Yrs",Exit_Data[[#This Row],[Tenure]]>1,"1 to 3 Yrs",Exit_Data[[#This Row],[Tenure]]>0,"0 to 1 Yr") -> 3 to 6 Yrs
A73: 72 | B73: 10175 | C73: Mercedes Jones | D73: F | E73: G3 | F73: Marketing | G73: =IF(ISBLANK(Exit_Data[[#This Row],[Exit Date]]),"Active","Inactive") -> Active | H73: 45306 | L73: Emily Cooper | M73: =(TODAY()-Exit_Data[[#This Row],[DOJ]])/365.25 -> 2.4613279 | N73: =_xlfn.IFS(Exit_Data[[#This Row],[Tenure]]>9,"9+ Yrs",Exit_Data[[#This Row],[Tenure]]>6,"6 to 9 Yrs",Exit_Data[[#This Row],[Tenure]]>3,"3 to 6 Yrs",Exit_Data[[#This Row],[Tenure]]>1,"1 to 3 Yrs",Exit_Data[[#This Row],[Tenure]]>0,"0 to 1 Yr") -> 1 to 3 Yrs
A74: 73 | B74: 10176 | C74: Santana Lopez | D74: F | E74: G4 | F74: Finance | G74: =IF(ISBLANK(Exit_Data[[#This Row],[Exit Date]]),"Active","Inactive") -> Active | H74: 45219 | L74: Sylvie Grateau | M74: =(TODAY()-Exit_Data[[#This Row],[DOJ]])/365.25 -> 2.6995209 | N74: =_xlfn.IFS(Exit_Data[[#This Row],[Tenure]]>9,"9+ Yrs",Exit_Data[[#This Row],[Tenure]]>6,"6 to 9 Yrs",Exit_Data[[#This Row],[Tenure]]>3,"3 to 6 Yrs",Exit_Data[[#This Row],[Tenure]]>1,"1 to 3 Yrs",Exit_Data[[#This Row],[Tenure]]>0,"0 to 1 Yr") -> 1 to 3 Yrs
A75: 74 | B75: 10177 | C75: Quinn Fabray | D75: F | E75: G2 | F75: Finance | G75: =IF(ISBLANK(Exit_Data[[#This Row],[Exit Date]]),"Active","Inactive") -> Active | H75: 44548 | L75: Sylvie Grateau | M75: =(TODAY()-Exit_Data[[#This Row],[DOJ]])/365.25 -> 4.5366188 | N75: =_xlfn.IFS(Exit_Data[[#This Row],[Tenure]]>9,"9+ Yrs",Exit_Data[[#This Row],[Tenure]]>6,"6 to 9 Yrs",Exit_Data[[#This Row],[Tenure]]>3,"3 to 6 Yrs",Exit_Data[[#This Row],[Tenure]]>1,"1 to 3 Yrs",Exit_Data[[#This Row],[Tenure]]>0,"0 to 1 Yr") -> 3 to 6 Yrs
A76: 75 | B76: 10178 | C76: Brittany S. Pierce | D76: F | E76: G2 | F76: Finance | G76: =IF(ISBLANK(Exit_Data[[#This Row],[Exit Date]]),"Active","Inactive") -> Inactive | H76: 44684 | I76: 45675 | J76: Involuntary | K76: Performance | L76: Sylvie Grateau | M76: =(TODAY()-Exit_Data[[#This Row],[DOJ]])/365.25 -> 4.164271 | N76: =_xlfn.IFS(Exit_Data[[#This Row],[Tenure]]>9,"9+ Yrs",Exit_Data[[#This Row],[Tenure]]>6,"6 to 9 Yrs",Exit_Data[[#This Row],[Tenure]]>3,"3 to 6 Yrs",Exit_Data[[#This Row],[Tenure]]>1,"1 to 3 Yrs",Exit_Data[[#This Row],[Tenure]]>0,"0 to 1 Yr") -> 3 to 6 Yrs
A77: 76 | B77: 10179 | C77: Artie Abrams | D77: M | E77: G4 | F77: finance | G77: =IF(ISBLANK(Exit_Data[[#This Row],[Exit Date]]),"Active","Inactive") -> Active | H77: 44070 | L77: Sylvie Grateau | M77: =(TODAY()-Exit_Data[[#This Row],[DOJ]])/365.25 -> 5.8453114 | N77: =_xlfn.IFS(Exit_Data[[#This Row],[Tenure]]>9,"9+ Yrs",Exit_Data[[#This Row],[Tenure]]>6,"6 to 9 Yrs",Exit_Data[[#This Row],[Tenure]]>3,"3 to 6 Yrs",Exit_Data[[#This Row],[Tenure]]>1,"1 to 3 Yrs",Exit_Data[[#This Row],[Tenure]]>0,"0 to 1 Yr") -> 3 to 6 Yrs
A78: 77 | B78: 10180 | C78: Noah Puckerman | D78: M | E78: G4 | F78: Sales | G78: =IF(ISBLANK(Exit_Data[[#This Row],[Exit Date]]),"Active","Inactive") -> Active | H78: 45025 | L78: Kate Sharma | M78: =(TODAY()-Exit_Data[[#This Row],[DOJ]])/365.25 -> 3.2306639 | N78: =_xlfn.IFS(Exit_Data[[#This Row],[Tenure]]>9,"9+ Yrs",Exit_Data[[#This Row],[Tenure]]>6,"6 to 9 Yrs",Exit_Data[[#This Row],[Tenure]]>3,"3 to 6 Yrs",Exit_Data[[#This Row],[Tenure]]>1,"1 to 3 Yrs",Exit_Data[[#This Row],[Tenure]]>0,"0 to 1 Yr") -> 3 to 6 Yrs
A79: 78 | B79: 10181 | C79: Sam Evans | D79: M | E79: G5 | F79: Sales | G79: =IF(ISBLANK(Exit_Data[[#This Row],[Exit Date]]),"Active","Inactive") -> Active | H79: 44513 | L79: Kate Sharma | M79: =(TODAY()-Exit_Data[[#This Row],[DOJ]])/365.25 -> 4.6324435 | N79: =_xlfn.IFS(Exit_Data[[#This Row],[Tenure]]>9,"9+ Yrs",Exit_Data[[#This Row],[Tenure]]>6,"6 to 9 Yrs",Exit_Data[[#This Row],[Tenure]]>3,"3 to 6 Yrs",Exit_Data[[#This Row],[Tenure]]>1,"1 to 3 Yrs",Exit_Data[[#This Row],[Tenure]]>0,"0 to 1 Yr") -> 3 to 6 Yrs
A80: 79 | B80: 10182 | C80: Jake Peralta | D80: M | E80: G5 | F80: sales | G80: =IF(ISBLANK(Exit_Data[[#This Row],[Exit Date]]),"Active","Inactive") -> Active | H80: 43834 | L80: Kate Sharma | M80: =(TODAY()-Exit_Data[[#This Row],[DOJ]])/365.25 -> 6.4914442 | N80: =_xlfn.IFS(Exit_Data[[#This Row],[Tenure]]>9,"9+ Yrs",Exit_Data[[#This Row],[Tenure]]>6,"6 to 9 Yrs",Exit_Data[[#This Row],[Tenure]]>3,"3 to 6 Yrs",Exit_Data[[#This Row],[Tenure]]>1,"1 to 3 Yrs",Exit_Data[[#This Row],[Tenure]]>0,"0 to 1 Yr") -> 6 to 9 Yrs
A81: 80 | B81: 10183 | C81: Amy Santiago | D81: F | E81: G1 | F81: Marketing | G81: =IF(ISBLANK(Exit_Data[[#This Row],[Exit Date]]),"Active","Inactive") -> Active | H81: 44639 | L81: Camille Razat | M81: =(TODAY()-Exit_Data[[#This Row],[DOJ]])/365.25 -> 4.2874743 | N81: =_xlfn.IFS(Exit_Data[[#This Row],[Tenure]]>9,"9+ Yrs",Exit_Data[[#This Row],[Tenure]]>6,"6 to 9 Yrs",Exit_Data[[#This Row],[Tenure]]>3,"3 to 6 Yrs",Exit_Data[[#This Row],[Tenure]]>1,"1 to 3 Yrs",Exit_Data[[#This Row],[Tenure]]>0,"0 to 1 Yr") -> 3 to 6 Yrs
A82: 81 | B82: 10184 | C82: Raymond Holt | D82: M | E82: G3 | F82: Marketing | G82: =IF(ISBLANK(Exit_Data[[#This Row],[Exit Date]]),"Active","Inactive") -> Active | H82: 44407 | L82: Camille Razat | M82: =(TODAY()-Exit_Data[[#This Row],[DOJ]])/365.25 -> 4.9226557 | N82: =_xlfn.IFS(Exit_Data[[#This Row],[Tenure]]>9,"9+ Yrs",Exit_Data[[#This Row],[Tenure]]>6,"6 to 9 Yrs",Exit_Data[[#This Row],[Tenure]]>3,"3 to 6 Yrs",Exit_Data[[#This Row],[Tenure]]>1,"1 to 3 Yrs",Exit_Data[[#This Row],[Tenure]]>0,"0 to 1 Yr") -> 3 to 6 Yrs
A83: 82 | B83: 10185 | C83: Rosa Diaz | D83: F | E83: G2 | F83: IT | G83: =IF(ISBLANK(Exit_Data[[#This Row],[Exit Date]]),"Active","Inactive") -> Active | H83: 44978 | L83: Simon Elroy | M83: =(TODAY()-Exit_Data[[#This Row],[DOJ]])/365.25 -> 3.3593429 | N83: =_xlfn.IFS(Exit_Data[[#This Row],[Tenure]]>9,"9+ Yrs",Exit_Data[[#This Row],[Tenure]]>6,"6 to 9 Yrs",Exit_Data[[#This Row],[Tenure]]>3,"3 to 6 Yrs",Exit_Data[[#This Row],[Tenure]]>1,"1 to 3 Yrs",Exit_Data[[#This Row],[Tenure]]>0,"0 to 1 Yr") -> 3 to 6 Yrs
A84: 83 | B84: 10186 | C84: Terry Jeffords | D84: M | E84: G3 | F84: IT | G84: =IF(ISBLANK(Exit_Data[[#This Row],[Exit Date]]),"Active","Inactive") -> Active | H84: 43962 | L84: Wally Clark | M84: =(TODAY()-Exit_Data[[#This Row],[DOJ]])/365.25 -> 6.1409993 | N84: =_xlfn.IFS(Exit_Data[[#This Row],[Tenure]]>9,"9+ Yrs",Exit_Data[[#This Row],[Tenure]]>6,"6 to 9 Yrs",Exit_Data[[#This Row],[Tenure]]>3,"3 to 6 Yrs",Exit_Data[[#This Row],[Tenure]]>1,"1 to 3 Yrs",Exit_Data[[#This Row],[Tenure]]>0,"0 to 1 Yr") -> 6 to 9 Yrs
A85: 84 | B85: 10187 | C85: Charles Boyle | D85: M | E85: G5 | F85: sales | G85: =IF(ISBLANK(Exit_Data[[#This Row],[Exit Date]]),"Active","Inactive") -> Active | H85: 44720 | L85: Kate Sharma | M85: =(TODAY()-Exit_Data[[#This Row],[DOJ]])/365.25 -> 4.0657084 | N85: =_xlfn.IFS(Exit_Data[[#This Row],[Tenure]]>9,"9+ Yrs",Exit_Data[[#This Row],[Tenure]]>6,"6 to 9 Yrs",Exit_Data[[#This Row],[Tenure]]>3,"3 to 6 Yrs",Exit_Data[[#This Row],[Tenure]]>1,"1 to 3 Yrs",Exit_Data[[#This Row],[Tenure]]>0,"0 to 1 Yr") -> 3 to 6 Yrs
A86: 85 | B86: 10188 | C86: Gina Linetti | D86: F | E86: G5 | F86: Marketing | G86: =IF(ISBLANK(Exit_Data[[#This Row],[Exit Date]]),"Active","Inactive") -> Active | H86: 44486 | L86: Camille Razat | M86: =(TODAY()-Exit_Data[[#This Row],[DOJ]])/365.25 -> 4.7063655 | N86: =_xlfn.IFS(Exit_Data[[#This Row],[Tenure]]>9,"9+ Yrs",Exit_Data[[#This Row],[Tenure]]>6,"6 to 9 Yrs",Exit_Data[[#This Row],[Tenure]]>3,"3 to 6 Yrs",Exit_Data[[#This Row],[Tenure]]>1,"1 to 3 Yrs",Exit_Data[[#This Row],[Tenure]]>0,"0 to 1 Yr") -> 3 to 6 Yrs
A87: 86 | B87: 10189 | C87: Hitchcock | D87: M | E87: G4 | F87: Marketing | G87: =IF(ISBLANK(Exit_Data[[#This Row],[Exit Date]]),"Active","Inactive") -> Active | H87: 44194 | L87: Emily Cooper | M87: =(TODAY()-Exit_Data[[#This Row],[DOJ]])/365.25 -> 5.5058179 | N87: =_xlfn.IFS(Exit_Data[[#This Row],[Tenure]]>9,"9+ Yrs",Exit_Data[[#This Row],[Tenure]]>6,"6 to 9 Yrs",Exit_Data[[#This Row],[Tenure]]>3,"3 to 6 Yrs",Exit_Data[[#This Row],[Tenure]]>1,"1 to 3 Yrs",Exit_Data[[#This Row],[Tenure]]>0,"0 to 1 Yr") -> 3 to 6 Yrs
A88: 87 | B88: 10190 | C88: Scully | D88: M | E88: G3 | F88: Sales | G88: =IF(ISBLANK(Exit_Data[[#This Row],[Exit Date]]),"Active","Inactive") -> Inactive | H88: 45518 | I88: 45817 | J88: Voluntary | K88: Conflict with Manager/Colleagues | L88: Kate Sharma | M88: =(TODAY()-Exit_Data[[#This Row],[DOJ]])/365.25 -> 1.8809035 | N88: =_xlfn.IFS(Exit_Data[[#This Row],[Tenure]]>9,"9+ Yrs",Exit_Data[[#This Row],[Tenure]]>6,"6 to 9 Yrs",Exit_Data[[#This Row],[Tenure]]>3,"3 to 6 Yrs",Exit_Data[[#This Row],[Tenure]]>1,"1 to 3 Yrs",Exit_Data[[#This Row],[Tenure]]>0,"0 to 1 Yr") -> 1 to 3 Yrs
A89: 88 | B89: 10191 | C89: Doug Judy | D89: M | E89: G3 | F89: Finance | G89: =IF(ISBLANK(Exit_Data[[#This Row],[Exit Date]]),"Active","Inactive") -> Active | H89: 45113 | L89: Anthony Bridgerton | M89: =(TODAY()-Exit_Data[[#This Row],[DOJ]])/365.25 -> 2.9897331 | N89: =_xlfn.IFS(Exit_Data[[#This Row],[Tenure]]>9,"9+ Yrs",Exit_Data[[#This Row],[Tenure]]>6,"6 to 9 Yrs",Exit_Data[[#This Row],[Tenure]]>3,"3 to 6 Yrs",Exit_Data[[#This Row],[Tenure]]>1,"1 to 3 Yrs",Exit_Data[[#This Row],[Tenure]]>0,"0 to 1 Yr") -> 1 to 3 Yrs
A90: 89 | B90: 10192 | C90: Eleven | D90: F | E90: G4 | F90: Finance | G90: =IF(ISBLANK(Exit_Data[[#This Row],[Exit Date]]),"Active","Inactive") -> Active | H90: 44645 | L90: Mindy Chen | M90: =(TODAY()-Exit_Data[[#This Row],[DOJ]])/365.25 -> 4.2710472 | N90: =_xlfn.IFS(Exit_Data[[#This Row],[Tenure]]>9,"9+ Yrs",Exit_Data[[#This Row],[Tenure]]>6,"6 to 9 Yrs",Exit_Data[[#This Row],[Tenure]]>3,"3 to 6 Yrs",Exit_Data[[#This Row],[Tenure]]>1,"1 to 3 Yrs",Exit_Data[[#This Row],[Tenure]]>0,"0 to 1 Yr") -> 3 to 6 Yrs
A91: 90 | B91: 10193 | C91: Mike Wheeler | D91: M | E91: G5 | F91: Finance | G91: =IF(ISBLANK(Exit_Data[[#This Row],[Exit Date]]),"Active","Inactive") -> Active | H91: 44296 | L91: Sylvie Grateau | M91: =(TODAY()-Exit_Data[[#This Row],[DOJ]])/365.25 -> 5.2265572 | N91: =_xlfn.IFS(Exit_Data[[#This Row],[Tenure]]>9,"9+ Yrs",Exit_Data[[#This Row],[Tenure]]>6,"6 to 9 Yrs",Exit_Data[[#This Row],[Tenure]]>3,"3 to 6 Yrs",Exit_Data[[#This Row],[Tenure]]>1,"1 to 3 Yrs",Exit_Data[[#This Row],[Tenure]]>0,"0 to 1 Yr") -> 3 to 6 Yrs
A92: 91 | B92: 10194 | C92: Dustin Henderson | D92: M | E92: G5 | F92: Marketing | G92: =IF(ISBLANK(Exit_Data[[#This Row],[Exit Date]]),"Active","Inactive") -> Active | H92: 45160 | L92: Emily Cooper | M92: =(TODAY()-Exit_Data[[#This Row],[DOJ]])/365.25 -> 2.8610541 | N92: =_xlfn.IFS(Exit_Data[[#This Row],[Tenure]]>9,"9+ Yrs",Exit_Data[[#This Row],[Tenure]]>6,"6 to 9 Yrs",Exit_Data[[#This Row],[Tenure]]>3,"3 to 6 Yrs",Exit_Data[[#This Row],[Tenure]]>1,"1 to 3 Yrs",Exit_Data[[#This Row],[Tenure]]>0,"0 to 1 Yr") -> 1 to 3 Yrs
A93: 92 | B93: 10195 | C93: Lucas Sinclair | D93: M | E93: G4 | F93: Sales | G93: =IF(ISBLANK(Exit_Data[[#This Row],[Exit Date]]),"Active","Inactive") -> Active | H93: 43956 | L93: Kate Sharma | M93: =(TODAY()-Exit_Data[[#This Row],[DOJ]])/365.25 -> 6.1574264 | N93: =_xlfn.IFS(Exit_Data[[#This Row],[Tenure]]>9,"9+ Yrs",Exit_Data[[#This Row],[Tenure]]>6,"6 to 9 Yrs",Exit_Data[[#This Row],[Tenure]]>3,"3 to 6 Yrs",Exit_Data[[#This Row],[Tenure]]>1,"1 to 3 Yrs",Exit_Data[[#This Row],[Tenure]]>0,"0 to 1 Yr") -> 6 to 9 Yrs
A94: 93 | B94: 10196 | C94: Will Byers | D94: M | E94: G4 | F94: IT | G94: =IF(ISBLANK(Exit_Data[[#This Row],[Exit Date]]),"Active","Inactive") -> Active | H94: 44724 | L94: Simon Elroy | M94: =(TODAY()-Exit_Data[[#This Row],[DOJ]])/365.25 -> 4.054757 | N94: =_xlfn.IFS(Exit_Data[[#This Row],[Tenure]]>9,"9+ Yrs",Exit_Data[[#This Row],[Tenure]]>6,"6 to 9 Yrs",Exit_Data[[#This Row],[Tenure]]>3,"3 to 6 Yrs",Exit_Data[[#This Row],[Tenure]]>1,"1 to 3 Yrs",Exit_Data[[#This Row],[Tenure]]>0,"0 to 1 Yr") -> 3 to 6 Yrs
A95: 94 | B95: 10197 | C95: Max Mayfield | D95: F | E95: G4 | F95: Finance | G95: =IF(ISBLANK(Exit_Data[[#This Row],[Exit Date]]),"Active","Inactive") -> Active | H95: 44214 | L95: Mindy Chen | M95: =(TODAY()-Exit_Data[[#This Row],[DOJ]])/365.25 -> 5.4510609 | N95: =_xlfn.IFS(Exit_Data[[#This Row],[Tenure]]>9,"9+ Yrs",Exit_Data[[#This Row],[Tenure]]>6,"6 to 9 Yrs",Exit_Data[[#This Row],[Tenure]]>3,"3 to 6 Yrs",Exit_Data[[#This Row],[Tenure]]>1,"1 to 3 Yrs",Exit_Data[[#This Row],[Tenure]]>0,"0 to 1 Yr") -> 3 to 6 Yrs
A96: 95 | B96: 10198 | C96: Jim Hopper | D96: M | E96: G3 | F96: Finance | G96: =IF(ISBLANK(Exit_Data[[#This Row],[Exit Date]]),"Active","Inactive") -> Active | H96: 43893 | L96: Anthony Bridgerton | M96: =(TODAY()-Exit_Data[[#This Row],[DOJ]])/365.25 -> 6.329911 | N96: =_xlfn.IFS(Exit_Data[[#This Row],[Tenure]]>9,"9+ Yrs",Exit_Data[[#This Row],[Tenure]]>6,"6 to 9 Yrs",Exit_Data[[#This Row],[Tenure]]>3,"3 to 6 Yrs",Exit_Data[[#This Row],[Tenure]]>1,"1 to 3 Yrs",Exit_Data[[#This Row],[Tenure]]>0,"0 to 1 Yr") -> 6 to 9 Yrs
A97: 96 | B97: 10199 | C97: Joyce Byers | D97: F | E97: G2 | F97: Finance | G97: =IF(ISBLANK(Exit_Data[[#This Row],[Exit Date]]),"Active","Inactive") -> Active | H97: 45196 | L97: Mindy Chen | M97: =(TODAY()-Exit_Data[[#This Row],[DOJ]])/365.25 -> 2.7624914 | N97: =_xlfn.IFS(Exit_Data[[#This Row],[Tenure]]>9,"9+ Yrs",Exit_Data[[#This Row],[Tenure]]>6,"6 to 9 Yrs",Exit_Data[[#This Row],[Tenure]]>3,"3 to 6 Yrs",Exit_Data[[#This Row],[Tenure]]>1,"1 to 3 Yrs",Exit_Data[[#This Row],[Tenure]]>0,"0 to 1 Yr") -> 1 to 3 Yrs
A98: 97 | B98: 10200 | C98: Charles Nieuwendyk | D98: M | E98: G2 | F98: Finance | G98: =IF(ISBLANK(Exit_Data[[#This Row],[Exit Date]]),"Active","Inactive") -> Active | H98: 44849 | L98: Anthony Bridgerton | M98: =(TODAY()-Exit_Data[[#This Row],[DOJ]])/365.25 -> 3.7125257 | N98: =_xlfn.IFS(Exit_Data[[#This Row],[Tenure]]>9,"9+ Yrs",Exit_Data[[#This Row],[Tenure]]>6,"6 to 9 Yrs",Exit_Data[[#This Row],[Tenure]]>3,"3 to 6 Yrs",Exit_Data[[#This Row],[Tenure]]>1,"1 to 3 Yrs",Exit_Data[[#This Row],[Tenure]]>0,"0 to 1 Yr") -> 3 to 6 Yrs
A99: 98 | B99: 10201 | C99: Emily | D99: F | E99: G5 | F99: Finance | G99: =IF(ISBLANK(Exit_Data[[#This Row],[Exit Date]]),"Active","Inactive") -> Active | H99: 45299 | L99: Mindy Chen | M99: =(TODAY()-Exit_Data[[#This Row],[DOJ]])/365.25 -> 2.4804928 | N99: =_xlfn.IFS(Exit_Data[[#This Row],[Tenure]]>9,"9+ Yrs",Exit_Data[[#This Row],[Tenure]]>6,"6 to 9 Yrs",Exit_Data[[#This Row],[Tenure]]>3,"3 to 6 Yrs",Exit_Data[[#This Row],[Tenure]]>1,"1 to 3 Yrs",Exit_Data[[#This Row],[Tenure]]>0,"0 to 1 Yr") -> 1 to 3 Yrs
A100: 99 | B100: 10202 | C100: Julie | D100: F | E100: G4 | F100: Finance | G100: =IF(ISBLANK(Exit_Data[[#This Row],[Exit Date]]),"Active","Inactive") -> Active | H100: 45060 | L100: Mindy Chen | M100: =(TODAY()-Exit_Data[[#This Row],[DOJ]])/365.25 -> 3.1348392 | N100: =_xlfn.IFS(Exit_Data[[#This Row],[Tenure]]>9,"9+ Yrs",Exit_Data[[#This Row],[Tenure]]>6,"6 to 9 Yrs",Exit_Data[[#This Row],[Tenure]]>3,"3 to 6 Yrs",Exit_Data[[#This Row],[Tenure]]>1,"1 to 3 Yrs",Exit_Data[[#This Row],[Tenure]]>0,"0 to 1 Yr") -> 3 to 6 Yrs
... A103: 102 | B103: 10205 | C103: Claire Dunphy | D103: F | E103: G3 | F103: Sales | G103: =IF(ISBLANK(Exit_Data[[#This Row],[Exit Date]]),"Active","Inactive") -> Active | H103: 44601 | L103: Kate Sharma | M103: =(TODAY()-Exit_Data[[#This Row],[DOJ]])/365.25 -> 4.3915127 | N103: =_xlfn.IFS(Exit_Data[[#This Row],[Tenure]]>9,"9+ Yrs",Exit_Data[[#This Row],[Tenure]]>6,"6 to 9 Yrs",Exit_Data[[#This Row],[Tenure]]>3,"3 to 6 Yrs",Exit_Data[[#This Row],[Tenure]]>1,"1 to 3 Yrs",Exit_Data[[#This Row],[Tenure]]>0,"0 to 1 Yr") -> 3 to 6 Yrs
A104: 103 | B104: 10206 | C104: Haley Dunphy | D104: F | E104: G4 | F104: IT | G104: =IF(ISBLANK(Exit_Data[[#This Row],[Exit Date]]),"Active","Inactive") -> Inactive | H104: 45125 | I104: 45782 | J104: Voluntary | K104: Better Opportunity | L104: Wally Clark | M104: =(TODAY()-Exit_Data[[#This Row],[DOJ]])/365.25 -> 2.9568789 | N104: =_xlfn.IFS(Exit_Data[[#This Row],[Tenure]]>9,"9+ Yrs",Exit_Data[[#This Row],[Tenure]]>6,"6 to 9 Yrs",Exit_Data[[#This Row],[Tenure]]>3,"3 to 6 Yrs",Exit_Data[[#This Row],[Tenure]]>1,"1 to 3 Yrs",Exit_Data[[#This Row],[Tenure]]>0,"0 to 1 Yr") -> 1 to 3 Yrs
A105: 104 | B105: 10207 | C105: Alex Dunphy | D105: F | E105: G2 | F105: IT | G105: =IF(ISBLANK(Exit_Data[[#This Row],[Exit Date]]),"Active","Inactive") -> Active | H105: 44496 | L105: Wally Clark | M105: =(TODAY()-Exit_Data[[#This Row],[DOJ]])/365.25 -> 4.678987 | N105: =_xlfn.IFS(Exit_Data[[#This Row],[Tenure]]>9,"9+ Yrs",Exit_Data[[#This Row],[Tenure]]>6,"6 to 9 Yrs",Exit_Data[[#This Row],[Tenure]]>3,"3 to 6 Yrs",Exit_Data[[#This Row],[Tenure]]>1,"1 to 3 Yrs",Exit_Data[[#This Row],[Tenure]]>0,"0 to 1 Yr") -> 3 to 6 Yrs
A106: 105 | B106: 10208 | C106: Luke Dunphy | D106: M | E106: G5 | F106: Marketing | G106: =IF(ISBLANK(Exit_Data[[#This Row],[Exit Date]]),"Active","Inactive") -> Active | H106: 43927 | L106: Emily Cooper | M106: =(TODAY()-Exit_Data[[#This Row],[DOJ]])/365.25 -> 6.2368241 | N106: =_xlfn.IFS(Exit_Data[[#This Row],[Tenure]]>9,"9+ Yrs",Exit_Data[[#This Row],[Tenure]]>6,"6 to 9 Yrs",Exit_Data[[#This Row],[Tenure]]>3,"3 to 6 Yrs",Exit_Data[[#This Row],[Tenure]]>1,"1 to 3 Yrs",Exit_Data[[#This Row],[Tenure]]>0,"0 to 1 Yr") -> 6 to 9 Yrs
A107: 106 | B107: 10209 | C107: Jay Pritchett | D107: M | E107: G1 | F107: Marketing | G107: =IF(ISBLANK(Exit_Data[[#This Row],[Exit Date]]),"Active","Inactive") -> Active | H107: 44907 | L107: Emily Cooper | M107: =(TODAY()-Exit_Data[[#This Row],[DOJ]])/365.25 -> 3.5537303 | N107: =_xlfn.IFS(Exit_Data[[#This Row],[Tenure]]>9,"9+ Yrs",Exit_Data[[#This Row],[Tenure]]>6,"6 to 9 Yrs",Exit_Data[[#This Row],[Tenure]]>3,"3 to 6 Yrs",Exit_Data[[#This Row],[Tenure]]>1,"1 to 3 Yrs",Exit_Data[[#This Row],[Tenure]]>0,"0 to 1 Yr") -> 3 to 6 Yrs
A108: 107 | B108: 10210 | C108: Gloria Pritchett | D108: F | E108: G4 | F108: Finance | G108: =IF(ISBLANK(Exit_Data[[#This Row],[Exit Date]]),"Active","Inactive") -> Inactive | H108: 45527 | I108: 45765 | J108: Voluntary | K108: Health Reasons | L108: Sylvie Grateau | M108: =(TODAY()-Exit_Data[[#This Row],[DOJ]])/365.25 -> 1.8562628 | N108: =_xlfn.IFS(Exit_Data[[#This Row],[Tenure]]>9,"9+ Yrs",Exit_Data[[#This Row],[Tenure]]>6,"6 to 9 Yrs",Exit_Data[[#This Row],[Tenure]]>3,"3 to 6 Yrs",Exit_Data[[#This Row],[Tenure]]>1,"1 to 3 Yrs",Exit_Data[[#This Row],[Tenure]]>0,"0 to 1 Yr") -> 1 to 3 Yrs
A109: 108 | B109: 10211 | C109: Manny Delgado | D109: M | E109: G5 | F109: Sales | G109: =IF(ISBLANK(Exit_Data[[#This Row],[Exit Date]]),"Active","Inactive") -> Inactive | H109: 45601 | I109: 45814 | J109: Voluntary | K109: Conflict with Manager/Colleagues | L109: Kate Sharma | M109: =(TODAY()-Exit_Data[[#This Row],[DOJ]])/365.25 -> 1.6536619 | N109: =_xlfn.IFS(Exit_Data[[#This Row],[Tenure]]>9,"9+ Yrs",Exit_Data[[#This Row],[Tenure]]>6,"6 to 9 Yrs",Exit_Data[[#This Row],[Tenure]]>3,"3 to 6 Yrs",Exit_Data[[#This Row],[Tenure]]>1,"1 to 3 Yrs",Exit_Data[[#This Row],[Tenure]]>0,"0 to 1 Yr") -> 1 to 3 Yrs
A110: 109 | B110: 10212 | C110: Cameron Tucker | D110: M | E110: G3 | F110: IT | G110: =IF(ISBLANK(Exit_Data[[#This Row],[Exit Date]]),"Active","Inactive") -> Active | H110: 43844 | L110: Simon Elroy | M110: =(TODAY()-Exit_Data[[#This Row],[DOJ]])/365.25 -> 6.4640657 | N110: =_xlfn.IFS(Exit_Data[[#This Row],[Tenure]]>9,"9+ Yrs",Exit_Data[[#This Row],[Tenure]]>6,"6 to 9 Yrs",Exit_Data[[#This Row],[Tenure]]>3,"3 to 6 Yrs",Exit_Data[[#This Row],[Tenure]]>1,"1 to 3 Yrs",Exit_Data[[#This Row],[Tenure]]>0,"0 to 1 Yr") -> 6 to 9 Yrs
A111: 110 | B111: 10213 | C111: Mitchell Pritchett | D111: M | E111: G5 | F111: Sales | G111: =IF(ISBLANK(Exit_Data[[#This Row],[Exit Date]]),"Active","Inactive") -> Inactive | H111: 44740 | I111: 46001 | J111: Voluntary | K111: Better Opportunity | L111: Kate Sharma | M111: =(TODAY()-Exit_Data[[#This Row],[DOJ]])/365.25 -> 4.0109514 | N111: =_xlfn.IFS(Exit_Data[[#This Row],[Tenure]]>9,"9+ Yrs",Exit_Data[[#This Row],[Tenure]]>6,"6 to 9 Yrs",Exit_Data[[#This Row],[Tenure]]>3,"3 to 6 Yrs",Exit_Data[[#This Row],[Tenure]]>1,"1 to 3 Yrs",Exit_Data[[#This Row],[Tenure]]>0,"0 to 1 Yr") -> 3 to 6 Yrs
...
